{
   "abstract" : "Perl extension for formatting numbers",
   "author" : [
      "William R. Ward <wrw@cpan.org>"
   ],
   "dynamic_config" : 0,
   "generated_by" : "ExtUtils::MakeMaker version 6.42, CPAN::Meta::Converter version 2.142690",
   "license" : [
      "perl_5"
   ],
   "meta-spec" : {
      "url" : "http://search.cpan.org/perldoc?CPAN::Meta::Spec",
      "version" : "2"
   },
   "name" : "Number-Format",
   "prereqs" : {
      "build" : {
         "requires" : {
            "ExtUtils::MakeMaker" : "0"
         }
      },
      "runtime" : {
         "requires" : {
            "Carp" : "0",
            "POSIX" : "0",
            "Test::More" : "0"
         }
      }
   },
   "release_status" : "stable",
   "version" : "1.73"
}
