{
   "abstract" : "unknown",
   "author" : [
      "unknown"
   ],
   "dynamic_config" : 1,
   "generated_by" : "ExtUtils::MakeMaker version 7.04, CPAN::Meta::Converter version 2.143240",
   "keywords" : [
      "stats",
      "statistics",
      "mean",
      "average",
      "correlation"
   ],
   "license" : [
      "open_source"
   ],
   "meta-spec" : {
      "url" : "http://search.cpan.org/perldoc?CPAN::Meta::Spec",
      "version" : "2"
   },
   "name" : "Statistics-Basic",
   "no_index" : {
      "directory" : [
         "t",
         "inc"
      ]
   },
   "prereqs" : {
      "build" : {
         "requires" : {
            "ExtUtils::MakeMaker" : "0"
         }
      },
      "configure" : {
         "requires" : {
            "ExtUtils::MakeMaker" : "0"
         }
      },
      "runtime" : {
         "requires" : {
            "Number::Format" : "1.42",
            "Scalar::Util" : "0",
            "perl" : "5.006"
         }
      }
   },
   "release_status" : "stable",
   "resources" : {
      "repository" : {
         "url" : "http://github.com/jettero/statistics--basic"
      }
   },
   "version" : "1.6611"
}
